Name,LivePerson,Website
1st-air,Yes,https://www.1st-air.net/page/contact-us
T-Mobile,Yes,https://www.t-mobile.com/contact-us
ABC Stores,,https://www.abc.virginia.gov/about/contact
Alexander & Baldwin,,https://alexanderbaldwin.com/contact/
Aloha Petroleum,,https://alohagas.com/
American Savings Bank,,https://www.asbhawaii.com/contact-us
Aqua Hotels and Resorts,,https://www.liveaqua.com/en/contact-location
Bank of Hawaii,,https://www.boh.com/customer-service
Blue Planet Software,,https://www.blueplanet.com/support
Central Pacific Bank,,https://www.cpb.bank/contact-us
Code Rebel,ERROR:argument of type 'NoneType' is not iterable,https://support.rebel.com/hc/en-us/sections/206154568-My-Account
First Hawaiian Bank,,https://www.fhb.com/en/contact-us
Foodland Hawaii,,https://shop.foodland.com/contact-us
Hawaii National Bank,,https://hawaiinational.bank/contact/
Hawaiian Electric Industries,,https://www.hawaiianelectric.com/customer-service
Hawaiian Telcom,,https://www.hawaiiantel.com/Contact-Us
Island Pacific Energy,,https://www.islandpacificenergy.com/
Kamakura Corporation,,https://www.kamakuraco.com/
Kauaʻi Island Utility Cooperative,,https://kiuc.coop/
"Matson, Inc.",,https://www.matson.com/corporate/contactus
Maui Land & Pineapple Company,,http://www.mauiland.com/
Mauna Loa Macadamia Nut Corporation,,http://www.google.com/aclk?sa=l&ai=DChcSEwjClePr45eAAxUMvcgKHVVkBbAYABAAGgJxdQ&sig=AOD64_2P23kfjlAUm2S_iI8dGZ-P7SjJDw&ved=2ahUKEwiq_Nrr45eAAxXbKFkFHeuMCfgQ0Qx6BAgMEAE&adurl=
Mountain Apple Company,,https://www.mountainapplecompany.com/contact
Outrigger Hotels & Resorts,,https://www.outrigger.com/help/live-chat
Pacific LightNet,,https://en.wikipedia.org/wiki/Pacific_LightNet
Phase2 International,,https://www.phase2technology.com/contact-us
RevoluSun,,https://www.revolusun.com/oahu-customer-care
Shirokiya,,https://www.yelp.com/biz/shirokiya-japan-village-walk-honolulu-6
Sullivan Family of Companies,ERROR:argument of type 'NoneType' is not iterable,https://www.indeed.com/q-Sullivan-Family-of-Companies-jobs.html
Times Supermarkets,,https://www.timessupermarkets.com/
Tori Richard,,https://toririchard.com/pages/customer-service
Visionary Related Entertainment,,https://en.wikipedia.org/wiki/Visionary_Related_Entertainment
1st Source,Yes,https://www.1stsource.com/contact/
Accuride,,https://www.accuride.com/en-us/support
AES Indiana,,https://www.aesindiana.com/contact-us
Allison Transmission,,https://allisonstore.noregon.com/pages/contact-support
AM General,,https://www.amgeneral.com/contact-us/
Angie's List,,https://www.angi.com/contact-us
Anthem,,https://www.anthem.com/contact-us/
Applied Instruments,,https://www.appliedin.com/www/services_and_support/tech_support.html
Arni's Restaurant,,https://meetyouatarnis.com/get-in-touch/
Atlas Van Lines,,https://www.atlasvanlines.com/contact-customer-support
Aurora Casket Company,,https://matthewsaurora.com/contactus/
Batesville Casket Company,,https://www.batesville.com/contact-us/
Berry Plastics,,https://www.berryglobal.com/en/contact-us
Better World Books,ERROR:argument of type 'NoneType' is not iterable,https://support.betterworldbooks.com/hc/en-us
Biomet,,https://www.zimmerbiomet.com/en/about-us/contact-us.html
BrightPoint,,https://www.brightpoint.edu/services/help-hub/
Buehler Foods,,https://www.buehlers.com/contact-us
Calumet Lubricants,,https://calumet.com/contact-us/
Celadon Group,ERROR:argument of type 'NoneType' is not iterable,https://www.linkedin.com/company/celadon-group-inc-
Century Pharmaceuticals,,https://www.centurytx.com/
Chicago South Shore and South Bend Railroad,,https://mysouthshoreline.com/contact/
CNO Financial Group,,https://www.cnoinc.com/en/contact-us
Copient Technologies,,https://www.copienthealth.com/customers/index
Cummins,ERROR:argument of type 'NoneType' is not iterable,https://www.cummins.com/customer-assistance
DePuy,ERROR:argument of type 'NoneType' is not iterable,https://www.jnjmedtech.com/en-US/companies/depuy-synthes/services/service-care
DirectBuy,,https://www.directbuy.com/services/live-chat-help/
Do it Best,,https://www.doitbest.com/contact-us
Eli Lilly and Company,,https://www.lilly.com/contact-us
Elwood Staffing,,https://www.elwoodstaffing.com/contact-us-and-locations
Emmis Communications,,https://www.emmis.com/
ExactTarget,,https://www.salesforce.com/company/contact-us/
"Finish Line, Inc.",ERROR:argument of type 'NoneType' is not iterable,https://www.finishline.com/store/customerservice/contactUs.jsp
First Internet Bank of Indiana,ERROR:argument of type 'NoneType' is not iterable,https://www.firstib.com/contact/
First Merchants Corporation,,https://www.firstmerchants.com/graphics/noble-chat/index.html
The Ford Meter Box Company,,https://www.fordmeterbox.com/contact
Golden Rule Insurance Company,ERROR:argument of type 'NoneType' is not iterable,http://www.google.com/aclk?sa=l&ai=DChcSEwi-x-CD5JeAAxUCuMgKHW52Cv8YABAAGgJxdQ&sig=AOD64_2Z8-2juBspiu0hWTCHNZDuSAIZ7Q&ved=2ahUKEwiFmteD5JeAAxVoD1kFHYoFB0AQ0Qx6BAgMEAE&adurl=
Guidant,,https://www.guidantfinancial.com/about-us/contact-us/
Gurney's Seed and Nursery Company,,https://www.gurneys.com/contact_us
Harlan,,https://harlan-global.com/
Haynes International,,https://www.haynesintl.com/contact/technical-support
Herff Jones,,https://content.herffjones.com/customer-service/
hhgregg,,https://www.hhgregg.com/pages/contact-us
Hill-Rom,,https://www.hillrom.com/en/about-us/contact-us/contact-customer-support/
Hulman & Company,,https://www.youtube.com/watch?v=1AOmSnTo49Q
Indiana Bell,,https://www.indystar.com/story/news/history/retroindy/2014/01/07/indiana-bell/4354705/
ITT Technical Institute,,https://itt-technical-institute.pissedconsumer.com/customer-service.html
JayC Food Stores,,https://www.jaycfoods.com/hc/help/contact-us
"Jayco, Inc",,https://www.jayco.com/contact-us/
Kimball International,,https://www.kimballinternational.com/contact-us.html
Klipsch Audio Technologies,,https://www.klipsch.com/contact-us
Marsh Supermarkets,,https://en.wikipedia.org/wiki/Marsh_Supermarkets
MCL Cafeterias,,https://www.mclhomemade.com/contact/
Midcontinent Independent System Operator,,https://help.misoenergy.org/support/
"Monarch Beverage, Inc.",,https://www.monarchbeverages.com/en/contact
NiSource,ERROR:argument of type 'NoneType' is not iterable,https://www.nisource.com/news/article/nisource-companies-launch-chatbots-and-live-chat-to-provide-an-improved-customer-experience-20220629
Noble Roman's,,https://www.nrpizzapub.com/contact
North American Van Lines,,http://www.google.com/aclk?sa=l&ai=DChcSEwj3yJSe5JeAAxXR7MgKHUm9ADMYABAAGgJxdQ&sig=AOD64_21K-g9e79ksmsKKz2oo3PmUKd0xw&ved=2ahUKEwj05Ime5JeAAxWWGFkFHfXODN8Q0Qx6BAgMEAE&adurl=
Old National Bank,,https://www.oldnational.com/customer-service-faqs/
Owen's Market,ERROR:argument of type 'NoneType' is not iterable,https://www.kroger.com/i/owens-to-kroger
Paige's Music,,https://www.paigesmusic.com/
Pay Less Super Markets,,https://www.pay-less.com/hc/help/contact-us
Que Publishing,,https://www.informit.com/imprint/index.aspx?st=61090
Red Ball Corporation,,https://www.redballtgs.com/contact/
Republic Airways Holdings,,https://rjet.com/contact/
Schurz Communications,,https://www.schurz.com/
Scott's Food & Pharmacy,,https://en.wikipedia.org/wiki/Scott%27s_Food_%26_Pharmacy
Shindigz,,https://gethuman.com/chat/Shindigz-com
Shoe Carnival,,https://www.shoecarnival.com/contactus
Simon Property Group,,https://www.simon.com/contact
Steak 'n Shake,,https://order.steaknshake.com/contact-us
Steel Dynamics,ERROR:argument of type 'NoneType' is not iterable,https://stld.steeldynamics.com/contact-us/
Sweetwater Sound,YES,http://www.sweetwater.com/
Thor Industries,,https://www.thormotorcoach.com/company/contact-us
Three Floyds Brewing,,https://www.3floyds.com/
Upland Brewing Company,,https://uplandbeer.com/contact/
Vectren,,https://midwest.centerpointenergy.com/contact/online
Vera Bradley,,https://verabradley.com/pages/customer-service
Wabash National,,https://wabashfinancial.com/contact-us/
Weaver Popcorn Company,,https://www.popweaver.com/
Wheaton World Wide Moving,,https://www.wheatonworldwide.com/contact/
Zimmer Holdings,,https://www.zimmerbiomet.com/en/about-us/contact-us.html
Agriprocessors,,https://en.wikipedia.org/wiki/Agriprocessors
Casey's General Stores,ERROR:argument of type 'NoneType' is not iterable,https://www.caseys.com/contact
Dubuque Bank and Trust,,https://www.dubuquebank.com/contact
Fareway,,https://www.fareway.com/about/contact-us
Happy Joe's,,https://happyjoes.com/contact-us/
Hartig Drug,,https://www.hartigdrug.com/contact-us
HNI Corporation,,https://www.hnicorp.com/contact-us
Hy-Vee,ERROR:argument of type 'NoneType' is not iterable,https://www.hy-vee.com/contact.aspx
iWireless,,https://gethuman.com/chat/iWireless-com
Kum & Go,,https://www.kumandgo.com/contact-us/
Lee Enterprises,,https://lee.net/contact/
Maid-Rite,,http://maid-rite.com/franchiseownerssupport.php
McLeodUSA,ERROR:argument of type 'NoneType' is not iterable,https://www.dnb.com/business-directory/company-profiles.mcleodusa_telecommunications_services_llc.b817e93bcd5f15918941663115a20ef2.html
Meredith Corporation,ERROR:argument of type 'NoneType' is not iterable,https://websupport.meredith.com/hc/en-us
MidAmerican Energy Company,,https://www.midamericanenergy.com/contact-us
Montgomery Ward,ERROR:argument of type 'NoneType' is not iterable,https://www.wards.com/cm/email-us/
Musco Sport Lighting,,https://www.musco.com/
Norby's Farm Fleet,,https://www.farmandfleet.com/customer-care/
Panchero's Mexican Grill,,https://www.pancheros.com/contact-us
Pioneer Hi-Bred,,https://www.pioneer.com/us/contact-us.html
Pizza Ranch,,https://pizzaranch.com/about/contact-us
Principal Financial Group,,https://www.principal.com/contact-us
Radio Dubuque,,https://www.radiodubuque.com/
The Right Stuf International,,http://www.google.com/aclk?sa=l&ai=DChcSEwikravw5JeAAxUUjMgKHYyWDVMYABAAGgJxdQ&sig=AOD64_3UKCimX1XJl-tMzsIr44_3vfvBaA&ved=2ahUKEwjHsqLw5JeAAxUUF2IAHTzHBvYQ0Qx6BAgMEAE&adurl=
Riverdeep,ERROR:argument of type 'NoneType' is not iterable,http://www.riverdeep.net/
Rockwell Collins,ERROR:argument of type 'NoneType' is not iterable,https://www.rockwellcollins.com/contact-us.aspx
Vermeer Company,,https://www.vermeer.com/na/contact-us
Von Maur,ERROR:argument of type 'NoneType' is not iterable,https://www.vonmaur.com/ContactUs.aspx
West Liberty Foods,,https://www.wlfoods.com/contact/
Winnebago Industries,,https://www.winnebago.com/contact-us
APS Payroll,,https://apspayroll.com/contact-us/
CenturyTel,,https://www.centurylink.com/home/help/chat.html
Copeland's,,https://www.copeland.com/en-us/brands/copeland/technical-support
Entergy,,https://www.myentergy.com/s/support
Freeport-McMoRan,,https://www.fcx.com/contact
Hibernia National Bank,,https://www.hibernia.bank/contact-location-hours/
Hornbeck Offshore Services,,https://hornbeckoffshore.com/contact
Lamar Advertising Company,,https://www.lamar.com/about/support/contactus
McIlhenny Company,,https://www.tabasco.com/contact-us/
Oreck Corporation,,https://oreck.com/pages/contact-oreck
Raising Cane's Chicken Fingers,ERROR:argument of type 'NoneType' is not iterable,https://www.raisingcanes.com/contact-us
The Shaw Group,,https://theshawgrp.com/
Smoothie King,,https://gear.smoothieking.com/pages/contact
Taylor Energy,,https://www.taylorenergyct.com/contact-us/
Bushmaster Firearms International,,https://www.bushmaster.com/support/
Casco Bay Lines,,https://www.cascobaylines.com/about-us/southern-maine-transit-tracker-smtt/
Cole Haan,,https://www.colehaan.com/pre-chat.html
Energy East,,https://www.duke-energy.com/customer-service
Fairchild Semiconductor,,https://www.onsemi.com/support/contact-us
Ground Round,,http://groundround.com/Contact/
L. L. Bean,,https://help.llbean.com/system/templates/chat/core_email/chat.html
Renys,,https://www.renys.com/contactus
TD Banknorth,,https://www.td.com/us/en/personal-banking/contact-us
Aggregate industries,,https://www.aggregate.com/contact-us
Balducci's,,https://www.balduccis.com/help
Black & Decker,ERROR:argument of type 'NoneType' is not iterable,https://support.blackanddecker.com/hc/en-us/requests/new
BlueHippo Funding,,https://www.ftc.gov/legal-library/browse/cases-proceedings/052-3092-x080019-bluehippo-funding-llc-bluehippo-capital-llc
BP Solar - USA,,https://www.bp.com/en_us/united-states/home/what-we-do/gas-and-low-carbon-energy/bp-solar.html
Choice Hotels,ERROR:argument of type 'NoneType' is not iterable,https://www.choicehotels.com/support/contact
Constellation,,https://www.constellation.com/about-us/contact-us.html
Coventry Health Care,,https://www.coventrywcs.com/contact-coventry
Discovery Communications,ERROR:argument of type 'NoneType' is not iterable,https://help.discoveryplus.com/hc/en-us/requests/new
GEICO,,https://www.geico.com/chat/
"Giant Food of Landover, Maryland",ERROR:argument of type 'NoneType' is not iterable,https://giantfood.com/contact-us/
GlobalStem,,https://www.thermofisher.com/us/en/home/life-science/cell-culture/primary-cell-culture/mti-globalstem-products-neural-stem-cells.html
Goodwill Industries,,https://www.goodwillvalleys.com/
Host Hotels & Resorts,,https://gethuman.com/chat/Host-Hotels-Resorts-Inc
Jerry's Subs & Pizza,,https://jerrysusa.com/contact-us/
JoS. A. Bank Clothiers,ERROR:argument of type 'NoneType' is not iterable,https://www.josbank.com/support
Ledo Pizza,,https://ledopizza.com/contact/
Legg Mason,,https://gethuman.com/chat/Legg-Mason
Lockheed Martin,ERROR:argument of type 'NoneType' is not iterable,https://www.lockheedmartin.com/en-us/contact.html
Magruder's,,https://www.savvas.com/index.cfm?locator=PS2y61&PMDBSOLUTIONID=6724&PMDBSITEID=2781&PMDBCATEGORYID=815&PMDBSUBSOLUTIONID=&PMDBSUBJECTAREAID=&PMDBSUBCATEGORYID=&PMDbProgramId=138282&elementType=currentCustomer
Marriott International,,https://www.marriott.com/marriott/contact.mi
Mars,ERROR:argument of type 'NoneType' is not iterable,https://www.mars.com/contact-us
McCormick & Company,,https://www.mccormick.com/contact
MedImmune,ERROR:argument of type 'NoneType' is not iterable,https://www.astrazeneca-us.com/az-in-us/Contact-us.html
Mistral Group,,https://www.mistralgroup.com/
PRS Guitars,ERROR:argument of type 'NoneType' is not iterable,https://support.prsguitars.com/hc/en-us/sections/4408358374939-Contact-Customer-Service
Perdue Farms,,https://www.perdue.com/connect-with-us/
Piedmont Airlines,,https://piedmont-airlines.com/contact/
Rent-A-Wreck,,https://www.rentawreck.com/contact.htm
Roy Rogers Family Restaurants,,https://www.royrogersrestaurants.com/contact
Shoppers Food & Pharmacy,ERROR:argument of type 'NoneType' is not iterable,https://www.shoppersfood.com/about/customer-service.html
Stuckey's,,https://stuckeys.com/
STX,,https://stxsoftware.com/support/
Super Fresh,,https://superfreshpassaic.com/contact/
Sylvan Learning,ERROR,http://www.sylvanlearning.com/
T. Rowe Price,ERROR,http://www.troweprice.com
Telenor,ERROR,http://telenor.com
Transamerica,YES,https://www.transamerica.com/
Trophogen,ERROR,http://www.trophogen.com
Under Armour,ERROR,http://underarmour.com
United States Enrichment Corporation,ERROR,http://www.centrusenergy.com/
Urban One,ERROR,https://Urban1.com
W. R. Grace and Company,ERROR,https://www.grace.com/
Westat,ERROR,http://www.westat.com
Xometry,ERROR,https://www.xometry.com/
ZeniMax Media,ERROR,https://www.zenimax.com/
Ergon,ERROR,https://ergon.com/
Mossy Oak,ERROR,http://www.mossyoak.com/
Peavey Electronics,ERROR,http://www.peavey.com/
Viking Range,ERROR,http://www.vikingrange.com/
Adam's Mark,ERROR,https://en.wikipedia.org/wiki/Adam%27s_Mark
A. G. Edwards,ERROR,https://web.archive.org/web/*/http://www.agedwards.com/
AMC Theatres,ERROR,https://amctheatres.com
Ameren,ERROR,http://ameren.com
Andy's Frozen Custard,ERROR,http://eatandys.com
Anheuser-Busch,ERROR,http://anheuser-busch.com
"Aquila, Inc.",ERROR,http://www.blackhillsenergy.com/
Arch Coal,ERROR,http://www.archrsc.com
B&B Theatres,ERROR,http://www.bbtheatres.com/
Baron Aviation Services,ERROR,http://www.baron-aviation.com
Bass Pro Shops,ERROR,https://www.basspro.com/
Boeing Integrated Defense Systems,ERROR,http://boeing.com/defense/
Brown Shoe Company,ERROR,http://caleres.com
Busch Entertainment Corporation,ERROR,http://www.SeaWorldEntertainment.com
Centene Corporation,ERROR,https://www.centene.com/
Cerner,ERROR,http://cerner.com
Charter Communications,ERROR,https://corporate.charter.com/
Columbia Insurance Group,ERROR,http://www.colinsgrp.com/
Commerce Bancshares,ERROR,http://www.commercebank.com/
Container Corporation of America,ERROR,https://en.wikipedia.org/wiki/Container_Corporation_of_America
Dierbergs,ERROR,http://dierbergs.com
Drury Hotels,ERROR,http://www.druryhotels.com/
Edward Jones Investments,ERROR,http://www.edwardjones.com
Emerson Electric Company,ERROR,http://emerson.com
Energizer Holdings,ERROR,https://www.energizerholdings.com/
Enterprise Rent-A-Car,ERROR,http://enterprise.com
Express Scripts Incorporated,ERROR,http://express-scripts.com
Farmland Industries,ERROR,https://www.farmlandfoods.com/
Ferrellgas,ERROR,http://www.bluerhino.com
GoJet Airlines,ERROR,http://www.gojetairlines.com
Graybar Electric Company,ERROR,https://www.graybar.com/
Great Plains Energy,ERROR,http://www.evergyinc.com
Hallmark Cards,ERROR,http://hallmark.com
Hardee's,ERROR,https://www.hardees.com/
Helzberg Diamonds,ERROR,http://www.helzberg.com
HOK Sport + Venue + Event,ERROR,http://www.populous.com
H&R Block,ERROR,https://www.hrblock.com//
International Hat Company,ERROR,https://en.wikipedia.org/wiki/International_Hat_Company
Interstate Bakeries Corporation,ERROR,https://en.wikipedia.org/wiki/Interstate_Bakeries
Kansas City Life Insurance Company,ERROR,http://www.kclife.com/
Kansas City Southern Industries,ERROR,https://en.wikipedia.org/w/index.php?title=Kansas_City_Southern_(company)&action=edit
Leggett & Platt,ERROR,http://leggett.com
Lifetouch,ERROR,http://lifetouch.com
McCabe-Powers Body Company,ERROR,https://en.wikipedia.org/wiki/McCabe-Powers_Body_Company
MFA Oil,ERROR,http://www.MFAOIL.com
Metropark Communications,ERROR,http://www.metropark.com/
Missouri Employers Mutual Insurance,ERROR,http://www.mem-ins.com/
Monsanto Company,ERROR,https://web.archive.org/*/http://www.monsanto.com/
Olin Corp.,ERROR,http://www.olin.com
O'Reilly Auto Parts,ERROR,http://www.oreillyauto.com
Panera Bread,ERROR,http://panerabread.com
Peabody Energy,ERROR,http://www.peabodyenergy.com/
Premium Standard Farms,ERROR,https://www.nationalhogfarmer.com/mag/farming_premium_standard_farms
Ralston Purina Company,ERROR,https://en.wikipedia.org/wiki/Ralston_Purina
Rawlings,ERROR,http://www.google.com/aclk?sa=l&ai=DChcSEwjmlp-QnZeAAxXLQHIKHeRDCfcYABAAGgJxdQ&sig=AOD64_2ko1Hr32E8SxffaMUr7ynBtk0xbw&ved=2ahUKEwjRmJaQnZeAAxVmElkFHW3QCzEQ0Qx6BAgLEAE&adurl=
Russell Stover Candies,ERROR,http://www.russellstover.com/
Save-A-Lot,ERROR,https://savealot.com/
Schnucks,ERROR,https://schnucks.com/
Shelter Insurance,ERROR,https://www.shelterinsurance.com/media/shelterinsurance/contentassets/documents/2014_AnnualReport_lores.pdf
Shop 'n Save,ERROR,https://web.archive.org/web/*/http://www.shopnsave.com/
Sigma-Aldrich,ERROR,https://www.sigmaaldrich.com
Solutia Inc,ERROR,http://www.solutia.com
Suddenlink Communications,ERROR,https://www.optimum.com
Trans States Airlines,ERROR,http://www.transstates.net
Mayflower Transit,ERROR,https://www.mayflower.com/
Wehrenberg Theatres,ERROR,https://www.marcustheatres.com/
Winsteads,ERROR,https://winsteadssteakburger.com/
Big Sky Airlines,ERROR,https://web.archive.org/web/*/http://www.bigskyair.com/
Big Sky Brewing Company,ERROR,http://www.bigskybrew.com/
Conlin's Furniture,ERROR,http://www.conlins.com/
Corporate Air,ERROR,http://www.corporateair.net
First Interstate BancSystem,ERROR,http://firstinterstatebank.com
Kampgrounds of America,ERROR,http://www.KOA.com
Merlin Airways,ERROR,https://en.wikipedia.org/wiki/Merlin_Airways
RightNow Technologies,ERROR,https://oracle.com/cx/service
Semitool,ERROR,http://www.semitool.com/
Shiloh Rifle Manufacturing Company,ERROR,http://www.shilohrifle.com
Affiliated Foods Midwest,ERROR,http://www.afmidwest.com/
Berkshire Hathaway,ERROR,https://berkshirehathaway.com
Buckle,ERROR,https://www.buckle.com/
Cabela's,ERROR,http://cabelas.com
ConAgra Foods,ERROR,https://en.wikipedia.org/w/index.php?title=Conagra_Brands&action=edit
Douglas Theatre Company,ERROR,https://en.wikipedia.org/wiki/Douglas_Theatre_Company
First National of Nebraska,ERROR,http://www.fnni.com
Fort Western Stores,ERROR,http://www.fortbrands.com
Godfather's Pizza,ERROR,http://www.godfathers.com
Gorat's,ERROR,http://www.goratsomaha.com
Gordmans,ERROR,https://web.archive.org/web/*/http://www.gordmans.com/
HobbyTown USA,ERROR,http://www.hobbytown.com
Intrado,ERROR,http://intrado.com
Kiewit Corporation,ERROR,http://www.kiewit.com/
Mister C's,ERROR,http://www.mistercs.com
Mutual of Omaha,ERROR,http://www.mutualofomaha.com
Nelnet,ERROR,https://nelnet.com/
Omaha Star,ERROR,https://theomahastar.com/
Omaha Steaks,ERROR,http://omahasteaks.com
TD Ameritrade,ERROR,https://www.tdameritrade.com/
Union Pacific,ERROR,https://www.up.com/index.htm
Werner Enterprises,ERROR,http://werner.com
Allegiant Air,ERROR,http://allegiantair.com
Bally Technologies,ERROR,http://sggaming.com/games/bally
Boyd Gaming,ERROR,http://boydgaming.com
Caesars Entertainment,ERROR,http://caesars.com
Carroll Shelby International,ERROR,http://shelby.com/
Diamond Resorts,ERROR,http://diamondresorts.com/
Las Vegas Sands,ERROR,http://sands.com
MGM Mirage,ERROR,https://www.mgmresorts.com
National University,ERROR,https://www.nu.edu/
Nevada Power Company,ERROR,https://www.nvenergy.com/
NV Energy,ERROR,http://nvenergy.com
Port of Subs,ERROR,https://portofsubs.com
Primaris Airlines,ERROR,https://web.archive.org/web/*/http://primarisairlines.com
Red Rock Resorts,ERROR,http://redrockresorts.com
Scolari's Food and Drug,ERROR,https://en.wikipedia.org/wiki/Scolari%27s_Food_and_Drug
Scenic Airlines,ERROR,http://www.scenic.com
Sierra Pacific Resources,ERROR,http://nvenergy.com
Sierra Nevada Corporation,ERROR,http://www.sncorp.com/
Skagen Designs,ERROR,http://www.skagen.com
Southwest Gas Corporation,ERROR,https://www.swgas.com/
Terrible Herbst,ERROR,http://www.terribleherbst.com
Vici Properties,ERROR,http://viciproperties.com
Wynn Resorts,ERROR,http://wynnresorts.com
Xtra Airways,ERROR,https://www.aveloair.com/
Zappos.com,ERROR,http://www.zappos.com/
Boston-Maine Airways,ERROR,http://www.flypanam.com/
Brookstone,ERROR,http://www.brookstone.com/
C&S Wholesale Grocers,ERROR,http://www.cswg.com/
DEKA,ERROR,http://www.dekaresearch.com/
Eastern Mountain Sports,ERROR,https://www.ems.com/
Hitachi Cable Manchester Inc.,ERROR,https://www.hca.hitachi-cable.com/products/hca/press/adds-to-capacity.php
PC Connection,ERROR,https://www.connection.com/
State Line Tack,ERROR,http://statelinetack.com
Thompson Center Arms,ERROR,http://www.tcarms.com/
The Timberland Company,ERROR,https://www.timberland.com/
Wiggins Airways,ERROR,https://wiggins-air.com/
American Standard Companies,ERROR,https://www.americanstandard-us.com/about/company-info
Automatic Data Processing,ERROR,"https://en.wikipedia.org/w/index.php?title=ADP,_Inc.&action=edit"
Avaya,,https://support.avaya.com/contact/
Avis Budget Group,,https://www.avis.com/en/customer-service
Becton Dickinson,,https://www.bd.com/en-us/live-chat-support
Bed Bath & Beyond,,https://gethuman.com/chat/Bed-Bath-Beyond
Benjamin Moore & Co.,,https://www.benjaminmoore.com/en-us/contact-us
Bradco Supply,,https://www.bradcosupplycompany.net/contact.htm
Burlington Coat Factory,,https://www.burlington.com/helpcenter/contactus/
Campbell Soup Company,,https://www.campbellsoupcompany.com/contact/
Catalent,,https://www.catalent.com/contact-us/
"Ce De Candy, Inc.",ERROR:argument of type 'NoneType' is not iterable,https://www.linkedin.com/in/sarah-dee-8836784
Celgene,ERROR:argument of type 'NoneType' is not iterable,https://celgene.zendesk.com/hc/en-us
Century 21 Real Estate,,https://www.century21.com/about-us/contact
The Children's Place,ERROR:argument of type 'NoneType' is not iterable,http://www.google.com/aclk?sa=l&ai=DChcSEwjRpq6h8ZeAAxXPSEcBHcKDC00YABAAGgJxdQ&sig=AOD64_1wSS2W0qfuOR7QYdtzb-yJlKl_mQ&ved=2ahUKEwiu3qWh8ZeAAxU0F1kFHbQPA7IQ0Qx6BAgMEAE&adurl=
Chubb Corp.,,https://www.chubb.com/us-en/contact/contact-customer-support.html
Church and Dwight,,https://churchdwight.com/company/contact-us.aspx
Coach USA,,https://www.coachusa.com/contacting-us
Commerce Bancorp,,https://www.commercebank.com/contact-us
Comodo Group,,https://www.comodo.com/contact-comodo/contact-us.php
Cooper Chemical Company,,https://cooperchemicals.com/contact-us/
Curtiss-Wright,,https://www.curtisswrightds.com/capabilities/services/support/technical-rws
Cytec Industries,,https://www.cytec-ate.com/contact.html
DRS Technologies,,https://www.leonardodrs.com/contact-us/
Emerson Radio,,https://www.emersonradio.com/service/
Foodtown,,https://www.foodtown.com/help-center
Foster Wheeler Corporation,,https://www.moodys.com/credit-ratings/Foster-Wheeler-LLC-credit-rating-600016987?lang=en&cy=can
The Great Atlantic and Pacific Tea Company,ERROR:argument of type 'NoneType' is not iterable,https://www.linkedin.com/in/jay-karas-06037634
Hartz Mountain Industries,,https://www.hartzmountain.com/Pages/contact.aspx
The Hertz Corporation,,https://chat.hertz.com/index.html
Hovnanian Enterprises,,https://www.khov.com/contact-us
Hudson City Bancorp,,https://gethuman.com/chat/Hudson-City-Bancorp
IDT Corp.,,https://www.idt.net/contact-us/
Ingersoll Rand,,http://www.google.com/aclk?sa=l&ai=DChcSEwju5JDG8ZeAAxUM4sgKHbxODPIYABAAGgJxdQ&sig=AOD64_1QqEmw2zngB4GaFbheEP4BEacf3g&ved=2ahUKEwil6IjG8ZeAAxWxM1kFHcQ8CVwQ0Qx6BAgMEAE&adurl=
Jackson Hewitt,,https://www.jacksonhewitt.com/contact-us/
Jersey Mike's Subs,,https://www.jerseymikes.com/contact-us/customer-service
Johnson & Johnson,,https://www.jnj.com/contact-us
Liberty Travel,,https://www.libertytravel.com/about/contact-us
Linens 'n Things,,https://lnt.com/pages/contact
Louis Berger Group,,https://www.lbs-inc.com/
Maidenform,ERROR:argument of type 'NoneType' is not iterable,https://www.maidenform.com/customer-service
Medarex,,http://www.google.com/aclk?sa=l&ai=DChcSEwimzrPJ8ZeAAxXvR0cBHXNTDi0YABAAGgJxdQ&sig=AOD64_3DNy2RBX9RvV8MHPaYiExXI8ZzFA&ved=2ahUKEwjdmKzJ8ZeAAxXyFVkFHZblAywQ0Qx6BAgLEAE&adurl=
Medco Health Solutions,,https://content.next.westlaw.com/practical-law/document/I86c511beb40e11e398db8b09b4f043e0/Express-Scripts-Inc-and-Medco-Health-Solutions-Inc-decision-to-close?viewType=FullText&originationContext=document&transitionType=DocumentItem&ppcid=7af102c84bef40d99d8c67c70dbc2bab&contextData=(sc.Default)
Merck,ERROR:argument of type 'NoneType' is not iterable,http://www.google.com/aclk?sa=l&ai=DChcSEwiNpbnN8ZeAAxUBysgKHYQ8CbkYABABGgJxdQ&sig=AOD64_1oGh-oPbnPXbcthNz2etz73dy9bw&ved=2ahUKEwijmLLN8ZeAAxV7MlkFHTWXD18Q0Qx6BAgMEAE&adurl=
MTBC,,https://www.carecloud.com/golivesupport/
NRG Energy,,https://www.nrg.com/contact-us.html
New England Motor Freight,,https://www.donlinrecano.com/Clients/nemf/Index
New Jersey Resources,,https://www.njresources.com/contact-us/
PNY Technologies,,https://www.pny.com/company/contact-us
Pathmark Stores,,https://www.pathmark.com/help-center/general-faq-help-center-customer-service
Peterson's,,https://www.petersons.com/contact-us/
Pinnacle Foods,,https://pinnaclefoods.co/contact/
Prince Sports,,https://www.princesports.com/pages/contact-us
Prudential Financial,,https://www.prudential.com/contact-us
Public Service Electric and Gas Company,,https://nj.myaccount.pseg.com/customersupport/contactus
R. R. Bowker,,http://www.bowker.com/bowker-contacts
Realogy,,https://developers.anywhere.re/content/contact-us
Reckitt Benckiser North America,,https://www.reckitt.com/offices/usa/
RCI,,https://www.rci.com/pre-rci/us/en/help/live-help
Schering-Plough,,https://www.merck.com/contact-us/
Sealed Air,,https://sealedair.com/contact/
Sixth Avenue Electronics,,https://6ave.com/pages/contact-us
Spencer's Gifts,,https://www.spencersonline.com/content.jsp?pageName=Contact
"Toys ""R"" Us",,https://www.toysrus.com/contact-us/
Unigene Laboratories,ERROR:argument of type 'NoneType' is not iterable,https://www.sec.gov/Archives/edgar/data/352747/000119312505067121/d10k.htm
Valley National Bank,,https://www.valley.com/customer-service
VoicePulse,,https://www.reddit.com/r/VOIP/comments/xvgtof/voicepulse_five_service_is_ending_this_month_with/
Vonage,ERROR:argument of type 'NoneType' is not iterable,http://www.google.com/aclk?sa=l&ai=DChcSEwi6uOPh8ZeAAxWbSUcBHdVtD4cYABABGgJxdQ&sig=AOD64_0xB7P5DPNtkXIsVBe1GJGhddmfSg&ved=2ahUKEwjh9trh8ZeAAxV2EmIAHfE_AoEQ0Qx6BAgOEAE&adurl=
Wakefern Food Corporation,,https://www2.wakefern.com/contact/
Weeks Marine,,https://www.weeksmarine.com/contact/
Wyeth,,https://wyethprintgallery.com/contact/
Wyndham Worldwide,,https://www.wyndhamhotels.com/contact-us
Blake's Lotaburger,,https://www.lotaburger.com/contact/
Deep Web Technologies,,https://amplyfi.com/deep-web-technologies-explorit/
Eclipse Aviation,,https://www.eclipse.aero/eclipse/service/
Laguna Development Corporation,,https://www.lagunadevcorp.com/contact-us/
New Mexico Airlines,ERROR:argument of type 'NoneType' is not iterable,https://aeromexico.com/en-us/contact-us
PNM Resources,,https://www.pnm.com/chat-with-us
Prediction Company,,https://www.callcentrehelper.com/forecast-plan-live-chat-147549.htm
Thornburg Mortgage,,http://www.thornburgmortgage.com/
3C Institute,,https://www.3cisd.com/
ACN Inc.,,https://acn.com/us-en/faqs/acn/contact-acn
Advance Auto Parts,,https://shop.advanceautoparts.com/o/contact-us
Albemarle Corporation,,https://www.albemarle.com/contact-us
Alex Lee Inc.,,https://www.alexlee.com/contact
AM Racing,,https://www.americanracing.com/contact
American Spirit Media,,http://americanspiritmedia.tv/
American Tire Distributors,,https://www.atd.com/
Atrium Health,,https://atriumhealth.org/contact-us
Bahakel Communications,,https://bahakeldigital.com/contact/
Bank of America,YES,http://bankofamerica.com
Bandwidth (company),,https://www.bandwidth.com/glossary/live-chat/
Baen Books,,https://www.baen.com/
Belk,ERROR:argument of type 'NoneType' is not iterable,https://www.belk.com/customer-service/
Bernhardt Design,,https://bernhardtdesign.com/
The Biltmore Company,,http://www.biltmore.com/contact-us/
Biltmore Farms,,http://www.biltmore.com/contact-us/
BioCryst Pharmaceuticals,,https://www.biocryst.com/
Biscuitville,,https://biscuitville.com/contact/
Bojangles' Famous Chicken 'n Biscuits,,https://www.bojangles.com/contact/
BonWorth,,https://bonworth.com/pages/aaa
Boone Drug,,https://boonedrug.com/
Brighthouse Financial,,https://www.brighthousefinancial.com/support/contact-us/
Burt's Bees,ERROR:argument of type 'NoneType' is not iterable,http://www.google.com/aclk?sa=l&ai=DChcSEwj7vMuG8peAAxXOx8gKHburBP0YABAAGgJxdQ&sig=AOD64_21fQmv7y8H1eyov5b9_BsIi7CxQQ&ved=2ahUKEwiLicOG8peAAxVaMlkFHd1EBuEQ0Qx6BAgMEAE&adurl=
Butterball,,https://www.butterball.com/contact-us
Capitol Broadcasting Company,,https://capitolbroadcasting.com/life-at-cbc/
CaptiveAire Systems,,https://www.captiveaire.com/contactus.asp
Carlie C's,,https://www.carliecs.com/about/contact-us
Carolina Academic Press,,https://cap-press.com/contacts
Cheerwine,,https://cheerwine.com/contact/
Carolina Biological Supply Company,,https://www.carolina.com/help/contact-us
Carolina Foods,,https://carolinafoodsinc.com/contact-us/
Carquest,,https://storeownership.carquest.com/s/contactsupport
Carr Amplifiers,,https://www.carramps.com/contact
Cary Audio Design,,https://caryaudio.com/contact-us/
Cato Corporation,,https://www.catofashions.com/info/faq
Cedar Fair,,https://ir.cedarfair.com/contact-us/default.aspx
CenterEdge Software,,http://www.google.com/aclk?sa=l&ai=DChcSEwiUlb-Q8peAAxWJ7sgKHXOiAhEYABAAGgJxdQ&sig=AOD64_2qRtKmCcHVFbgk0CgrUg0A3RGGXQ&ved=2ahUKEwjN7bWQ8peAAxUlFFkFHZ2ADUAQ0Qx6BAgNEAE&adurl=
Champion,ERROR:argument of type 'NoneType' is not iterable,https://www.champion.com/customer-service
ChannelAdvisor,,https://www.channeladvisor.com/contact-us/
Charles & Colvard,ERROR:argument of type 'NoneType' is not iterable,http://www.google.com/aclk?sa=l&ai=DChcSEwjRjIKS8peAAxWORHIKHTwbDsgYABAAGgJxdQ&sig=AOD64_3ZjErXz1CN_QjFvPqi0S-DbR94Sg&ved=2ahUKEwjh5_mR8peAAxXrD1kFHTVDDskQ0Qx6BAgMEAE&adurl=
Coastal Studios,,https://www.facebook.com/desertcoastalstudios/
Coca-Cola Bottling Co. Consolidated,,https://www.cokeconsolidated.com/contact/
Collins Aerospace,,https://www.collinsaerospace.com/what-we-do/service-and-support/support
Columbia Forest Products,,https://www.columbiaforestproducts.com/contact-us/contact-columbia-forest-products/
CommScope,,https://www.commscope.com/support/
Consonus,,https://www.consonushealth.com/
Cook Out,,https://cookout.com/customer-satisfaction/
Crescent Communities,,https://www.crescentcommunities.com/contact-us
Crowder Construction Company,,https://www.crowderusa.com/contact-us
Curtis Media Group,,http://curtismedia.com/support/
Curtiss-Wright,,https://www.curtisswrightds.com/capabilities/services/support/technical-rws
Deere,,https://www.deere.com/en/our-company/contact-us/
Deltec Homes,,https://www.deltechomes.com/learn-more/contact-us/
Dentsply Sirona,,https://www.dentsplysirona.com/en-us/customer-support/contact-us.html
D.H. Griffin Companies,,https://www.dhgriffin.com/
Dole plc,,https://www.doleplc.com/contact-us/default.aspx
Duke Energy,,https://www.duke-energy.com/customer-service
Earth Fare,,https://www.earthfare.com/
Enpro Industries,,https://www.enproindustries.com/home/default.aspx
Environmental Performance Vehicles,ERROR:argument of type 'NoneType' is not iterable,https://www.linkedin.com/company/epv
Epic Games,,https://www.epicgames.com/help/en-US/
ESPNU,ERROR:argument of type 'NoneType' is not iterable,https://support.espn.com/hc/en-us/articles/360035064212-Chat-with-us-now-
Extended Stay America,ERROR:argument of type 'NoneType' is not iterable,http://www.google.com/aclk?sa=l&ai=DChcSEwjan42j8peAAxXESHIKHVyiB6EYABAAGgJxdQ&sig=AOD64_3qjmQYFrruk-Tp_euCxt2FTCFDgA&ved=2ahUKEwjpwYOj8peAAxX0FlkFHYC3DvkQ0Qx6BAgMEAE&adurl=
Family Dollar,,https://www.familydollar.com/contact-family-dollar
Firefly Balloons,,https://www.fireflyballoons.net/myfaq/index.php?action=show&cat=1
First Bancorp,,https://localfirstbank.com/contact-us/
First Citizens BancShares,,https://www.firstcitizens.com/support/contact
Food Lion,ERROR:argument of type 'NoneType' is not iterable,https://foodlion.com/
The Fresh Market,,https://www.thefreshmarket.com/contact-us
Front Row Motorsports,,https://www.facebook.com/FrontRowMotorsports/
Furnitureland South,,http://www.google.com/aclk?sa=l&ai=DChcSEwidlZio8peAAxXS0cgKHRL0D54YABAAGgJxdQ&sig=AOD64_11NiffxVU5UnaSydUd1iOStCuNPw&ved=2ahUKEwiSjY-o8peAAxW8EVkFHSjZCzAQ0Qx6BAgNEAE&adurl=
Fusion3,,https://www.fusion3design.com/contact-support/
Fuzzy Logix,,http://www.fuzzy-logic.com/Home/Support
G1 Therapeutics,,https://www.g1therapeutics.com/patients/support/
Geoff Bodine Racing,,https://www.youtube.com/watch?v=_yepibqc52Y
Ginn Racing,,https://en.wikipedia.org/wiki/MB2_Motorsports
"Glen Raven, Inc.",,https://www.glenraven.com/contact/
Golden Corral,,https://www.goldencorral.com/contact/
Graco (baby products),ERROR:argument of type 'NoneType' is not iterable,https://www.gracobaby.com/support/contact-us
"Graphik Dimensions, Ltd.",,https://www.pictureframes.com/customer-care/contact
Growler Manufacturing and Engineering,,https://www.growlerme.com/
Haas F1 Team,,https://www.haasf1team.com/
Hanesbrands,ERROR:argument of type 'NoneType' is not iterable,https://www.hanes.com/customer-service
Harris Teeter,,https://contact.harristeeter.com/contact-us
HDG International Group,,https://www.bloomberg.com/profile/company/0873401D:US
Hendrick Motorsports,,https://www.hendrickmotorsports.com/
HomeTrust Bancshares,,https://htb.com/contact/
Honda Aero,,https://www.gehonda.com/
Honda Aircraft Company,,https://www.hondajet.com/en/ContactUs
Honeywell,,https://sps.honeywell.com/us/en/support/live-chat
HSM (company),,https://eu.hsm.eu/en/contact
Hwy 55 Burgers Shakes & Fries,,https://hwy55.com/
The Iconfactory,,https://support.iconfactory.com/
Ingersoll Rand,,http://www.google.com/aclk?sa=l&ai=DChcSEwjh1vW88peAAxXS0cgKHRL0D54YABAAGgJxdQ&sig=AOD64_2ijNyuWEI8IxxQPiXec-t9zd5ytQ&ved=2ahUKEwi-6uy88peAAxWmFFkFHe6ZDUgQ0Qx6BAgMEAE&adurl=
Ingles,,https://www.ingles-markets.com/help
IntelliScanner Corporation,,https://www.intelliscanner.com/company/contact.html
ITG Brands,,https://www.itgbrands.com/contact-us/
Jaggaer,,https://www.jaggaer.com/support/
Jeld-Wen,,https://www.jeld-wen.com/en-us/contact
Jennifer Jo Cobb Racing,,https://www.jenjocobb.com/
Jerry's Artarama,,https://www.jerrysartarama.com/contact
Jimmy Means Racing,,https://www.facebook.com/meansmotorsports52/
Joe Gibbs Racing,,https://www.shopjgr.com/pages/contact-us
JR Motorsports,,https://www.jrmracing.com/faq/
JTG Daugherty Racing,,https://jtgdaughertyracing.com/
K&W Cafeterias,,https://www.kwcafeterias.com/contact-us
Kayser-Roth,,https://www.kayser-roth.com/
Kidde,,https://www.kidde.com/home-safety/en/us/locator/contact-us/
Kontoor Brands,,https://www.kontoorbrands.com/contact
Koury Corporation,,https://www.kourycorp.com/
Krispy Kreme,,https://www.krispykreme.com/about/contact-us
LabCorp,,https://www.labcorp.com/contact-us
Lance Inc.,,https://www.lance.com/contact-us/
LendingTree,,https://gethuman.com/chat/Lending-Tree
Lichty Guitars,,https://lichtyguitars.com/contact/
Liggett Group,,https://liggettvectorbrands.com/contact/consumer-relations/
Limited Run Games,,https://limitedrungames.com/pages/support
Little Diversified Architectural Consulting,,https://www.littleonline.com/
Live Oak Bank,,https://www.liveoakbank.com/contact-us/
Lenovo,,https://pcsupport.lenovo.com/us/en/live-chat-customer-support
Locus Biosciences,,https://www.locus-bio.com/
Lolly Wolly Doodle,ERROR,http://lollywollydoodle.com
Lord Corporation,ERROR,http://lord.com
Lowe's,ERROR,https://lowes.com/
Lowes Foods,ERROR,http://www.lowesfoods.com
Ludwig Drums,ERROR,http://ludwig-drums.com
MAACO,ERROR,http://www.maaco.com/
Mack Trucks,ERROR,http://macktrucks.com
Martin Marietta Materials,ERROR,http://martinmarietta.com
McFarland & Company,ERROR,https://mcfarlandbooks.com/
McKinney (advertising agency),ERROR,https://mckinney.com/
Mechanics and Farmers Bank,ERROR,https://www.mfbonline.com/
Meineke Car Care Centers,ERROR,http://www.meineke.com
Melon Bicycles,ERROR,http://www.melonbicycles.com/
Merge Records,ERROR,http://www.mergerecords.com
Microsoft,ERROR,https://en.wikipedia.org/w/index.php?title=Microsoft&action=edit
Microtech Knives,ERROR,https://microtechdefense.com
Moog Music,ERROR,http://www.moogmusic.com/
MotorAve,ERROR,http://motorave.com/
Mt. Olive Pickle Company,ERROR,http://www.mtolivepickles.com/
Mountain Air Cargo,ERROR,http://www.mtaircargo.com/
Nantahala Outdoor Center,ERROR,https://noc.com/
NASCAR,ERROR,http://NASCAR.com
Nascent Republic Records,ERROR,http://www.nascentrepublic.com
National Gypsum,ERROR,https://www.nationalgypsum.com/
Nautilus Productions,ERROR,http://nautilusproductions.com
nCino,ERROR,http://ncino.com
NEMCO Motorsports,ERROR,https://en.wikipedia.org/wiki/NEMCO_Motorsports
North Carolina Mutual Life Insurance Company,ERROR,https://ncmutuallife.com/
Novant Health,ERROR,http://novanthealth.org/rowan
Nucor,ERROR,https://www.nucor.com/
Odell Associates,ERROR,https://www.odell.com/
Old Dominion Freight Line,ERROR,http://odfl.com
Pamlico Capital,ERROR,http://www.pamlicocapital.com/
The Pantry,ERROR,https://pantry.panerabread.com/
Petty GMS Motorsports,ERROR,https://en.wikipedia.org/wiki/Legacy_Motor_Club
Piedmont Natural Gas,ERROR,http://www.piedmontng.com
Plant Delights Nursery,ERROR,http://www.plantdelights.com//
"Premier, Inc.",ERROR,http://premierinc.com
PredictifyMe,ERROR,http://predictify.me/
PrecisionHawk,ERROR,http://PrecisionHawk.com
Progress Energy Inc,ERROR,https://www.duke-energy.com/
Purolator Filters,ERROR,http://pureoil.com
Putt-Putt Fun Center,ERROR,https://puttputt.com/
Qorvo,ERROR,https://www.qorvo.com/
Rack Room Shoes,ERROR,http://rackroomshoes.com
Redeye Distribution,ERROR,https://www.redeyeworldwide.com/
Red Hat,ERROR,http://redhat.com/en/global/czech-republic
Red Oak Brewery,ERROR,http://redoakbrewery.com
Red Storm Entertainment,ERROR,http://redstorm.com/
Reeds Jewelers,ERROR,http://www.reeds.com/
"Replacements, Ltd.",ERROR,http://www.replacements.com/
Reynolds American,ERROR,https://www.reynoldsamerican.com/
RFK Racing,ERROR,https://www.rfkracing.com/
Roses Stores,ERROR,http://www.rosesdiscountstores.com
Rick Ware Racing,ERROR,https://www.wareracing.com/
Richard Childress Racing,ERROR,https://www.rcrracing.com/
RSC Brands,ERROR,http://rscbrands.com
Saint Benedict Press,ERROR,http://www.saintbenedictpress.com
Salsarita's Fresh Mexican Grill,ERROR,http://salsaritas.com/
SAS Institute,ERROR,https://www.sas.com/
Sealed Air,ERROR,http://sealedair.com
Sealy Corporation,ERROR,https://www.sealy.com
Shearline Boatworks,ERROR,https://www.shearlineboatworks.com/
Shoe Show,ERROR,https://www.shoeshowmega.com/
Showmars,ERROR,https://showmars.com/
Shurtape Technologies,ERROR,https://shurtapetech.com
Smithfield's Chicken 'N Bar-B-Q,ERROR,http://scnbnc.com/
Snyder's-Lance,ERROR,https://www.campbellsoupcompany.com/our-food/campbell-snacks/
Social Blade,ERROR,https://socialblade.com/
Sonic Automotive,ERROR,http://ir.sonicautomotive.com
Southern Bank,ERROR,http://www.southernbank.com/
Southern Express,ERROR,https://iflysouthern.com/
Speed (TV network),ERROR,http://foxsports.com
Speedball (art products),ERROR,https://www.speedballart.com/
Speedway Motorsports,ERROR,http://www.dovermotorsports.com/
Spire Sports + Entertainment,ERROR,http://spiresportsinc.com
SplendidCRM,ERROR,http://www.splendidcrm.com/
SPX Corporation,ERROR,https://www.spx.com
Spoonflower,ERROR,http://www.spoonflower.com
SS-Green Light Racing,ERROR,https://www.ssgreenlight.com/
Stewart-Haas Racing,ERROR,https://www.stewarthaasracing.com/
Syneos Health,ERROR,https://www.syneoshealth.com/
Tanger Factory Outlet Centers,ERROR,https://www.tangeroutlet.com/
Team Penske,ERROR,https://www.teampenske.com/
Tengion,ERROR,http://www.tengion.com/
Thomas Built Buses,ERROR,http://www.thomasbuiltbuses.com/
Thorlo Inc.,ERROR,http://www.thorlo.com
TigerSwan,ERROR,https://en.wikipedia.org/wiki/TigerSwan
Tommy Baldwin Racing,ERROR,http://www.tommybaldwinracing.com/
Triad Racing Technologies,ERROR,http://www.triadrt.com
Truist Financial,ERROR,https://www.truist.com
TW Garner Food Company,ERROR,http://www.texaspete.com
US Legend Cars,ERROR,https://www.uslegendcars.com/
Valencell,ERROR,http://www.valencell.com
Virtual Heroes,ERROR,http://www.virtualheroes.com/
Vontier,ERROR,http://vontier.com
Wells Fargo,ERROR,https://www.wellsfargo.com/
Wheatstone Corporation,ERROR,http://wheatstone.com
Wolfspeed,ERROR,https://www.wolfspeed.com/
Wood Brothers Racing,ERROR,https://www.woodbrothersracing.com/
WORX,ERROR,http://www.worx.com/
Wyndham Capital Mortgage,ERROR,https://www.wyndhamcapital.com
Yep Roc Records,ERROR,http://yeproc.com
Zaloni,ERROR,https://www.zaloni.com/
Abercrombie & Fitch,ERROR,http://abercrombie.com
ABX Air,ERROR,https://www.abxair.com/
Acme Fresh Market,ERROR,https://www.acmestores.com/
Aeronca Aircraft,ERROR,http://archive.org/details/aerodigest2819unse/page/n62
AirNet Express,ERROR,http://www.airnet.com
Airstream,ERROR,https://www.airstream.com/
AK Steel Holding,ERROR,https://www.aksteel.com/
"Aleris International, Inc.",ERROR,http://aleris.com
Alien Workshop,ERROR,https://www.alienworkshop.com/
American Electric Power,ERROR,http://aep.com
American Financial Group,ERROR,http://afginc.com
American Greetings,ERROR,http://www.americangreetings.com/
AmTrust Bank,ERROR,https://www.mynycb.com/
Applied Industrial Technologies,ERROR,https://www.nyse.com/quote/XNYS:AIT
Argus,ERROR,https://www.argusmedia.com/en/
Armored Trunk Manufacturing Company,ERROR,http://www.innerspacecases.com/
Babcock & Wilcox,ERROR,http://babcock.com
Bath & Body Works,ERROR,https://www.bathandbodyworks.com
Battelle Memorial Institute,ERROR,https://www.battelle.org/
Big Lots,ERROR,http://biglots.com
bigg's,ERROR,https://www.remkes.com/
Bob Evans Restaurants,ERROR,https://www.bobevans.com/
Cardinal Health,ERROR,https://www.cardinalhealth.com/
CareSource,ERROR,https://www.caresource.com/
Castle Aviation,ERROR,http://www.castleair.com/
Charley's Grilled Subs,ERROR,http://charleys.com
Charter One Bank,ERROR,http://www.citizensbank.com/
Cedar Fair,ERROR,http://www.cedarfair.com/
Chiquita Brands International,ERROR,https://archive.org/details/78_chiquita-banana_elsa-miranda-alfredo-antonini-and-his-viva-america-orchestra-mckenz_gbia0185276a/CHIQUITA+BANANA+-+Elsa+Miranda+-+Alfredo+Antonini+and+his+Viva+America+Orchestra.flac
Cincinnati Financial,ERROR,http://www.cinfin.com
Cintas,ERROR,https://www.cintas.com
Cleveland-Cliffs,ERROR,http://www.clevelandcliffs.com/
Codeworks,ERROR,http://www.ctcodeworks.com
Commerce National Bank,ERROR,http://firstmerchants.com
Convergys,ERROR,http://www.convergys.com
Cooper Tire & Rubber Company,ERROR,https://us.coopertire.com/
Crown Equipment Corporation,ERROR,http://www.crown.com
Dana Holding Corporation,ERROR,https://www.dana.com/
Diebold,ERROR,http://dieboldnixdorf.com
Donatos Pizza,ERROR,https://www.donatos.com/
Dorothy Lane Market,ERROR,https://www.dorothylane.com/
DPL Inc.,ERROR,http://www.dplinc.com/
E.W. Scripps Company,ERROR,http://www.scripps.com
Eaton Corporation,ERROR,http://eaton.com
Elder-Beerman,ERROR,http://elder-beerman.com
Electronix corporation,ERROR,https://en.wikipedia.org/wiki/Electronix_corporation
ERC,ERROR,http://www.google.com/aclk?sa=l&ai=DChcSEwitj9agoZeAAxWO1sgKHQn2D2gYABAAGgJxdQ&sig=AOD64_0DUaVH_fwCG8NKOpXcpwFAblf9vw&ved=2ahUKEwj5ws6goZeAAxXCGFkFHRUFDg4Q0Qx6BAgNEAE&adurl=
Esther Price Candies,,https://estherprice.com/contact/
Euclid-Hitachi Heavy Equipment Ltd.,,https://www.hitachicm.us/contact/
Evenflo Company,,https://www.evenflo.com/pages/contact-us
Federated Department Stores,,https://www.macysinc.com/contact-us/
Ferro Corporation,,https://www.ferro.com/contact
Fifth Third Bank,,https://www.53.com/content/fifth-third/en/customer-service.html
FirstEnergy,,https://www.firstenergycorp.com/help/contact-center.html
Forest City Enterprises,ERROR:argument of type 'NoneType' is not iterable,https://www.dnb.com/business-directory/company-profiles.forest_city_enterprises_lp.77959b427da5100bcbe70a2ef1045900.html
GE-Aviation,,https://www.geaerospace.com/support
Gojo Industries,,https://www.gojo.com/en/Contact-GOJO
Gold Star Chili,,https://goldstarchili.com/contact
Goodyear,,https://www.goodyear.com/en_US/support/contact-us.html
Grand Aire Express,,https://www.grandaire.com/
Grismer,,https://www.grismertire.com/privacy
Heinen's Fine Foods,,https://www.heinens.com/contact-us/
"Hexion Specialty Chemicals, Inc.",,https://hexion.com/en-us/company/contact
Hi-Point Firearms/Beemiller,,https://www.hi-pointfirearms.com/contact-hi-point-firearms/hi-point-customer-service.php
Hitachi Medical Systems America Inc.,,http://www.hitachialoka.com/support/
Hobart Corporation,,https://www.hobartcorp.com/contact-us
Hollister Co.,ERROR:argument of type 'NoneType' is not iterable,https://www.hollisterco.com/shop/wd/help
Holtkamp Organ Company,,http://www.holtkamporgan.com/
Huffy,,https://www.huffybikes.com/contact/
Human Race Theatre Company,,https://humanracetheatre.org/
Huntington Bancshares Inc.,ERROR:argument of type 'NoneType' is not iterable,https://www.huntington.com/customer-service
Industramark,,https://heat.taylorcommunications.com/industrial/mexico.asp
Invacare,,http://www.invacare.com/cgi-bin/imhqprd/contact.jsp
Jo Ann Stores,,https://www.joann.com/contactus
Kettering Health Network,,https://ketteringhealth.org/about/contact/
Key Bank,ERROR:argument of type 'NoneType' is not iterable,https://www.key.com/personal/customer-support/contact-us.html
Kroger,,https://www.kroger.com/hc/help/contact-us
Lane Bryant Inc.,,https://www.lanebryant.com/customer-service?cid=supportcenter-contactus
LexisNexis,,https://supportcenter.lexisnexis.com/app/chat/chat_launch/p/331
LensCrafters,ERROR:argument of type 'NoneType' is not iterable,https://www.lenscrafters.com/lc-us/contact-us
Limited Brands,,https://gethuman.com/chat/Limited-Brands-Inc
Lincoln Electric,,http://www.google.com/aclk?sa=l&ai=DChcSEwi20tCe_5eAAxWHSHIKHd3wAewYABAAGgJxdQ&sig=AOD64_2Lvwo2RM_pPGlTb2g4LjyZYQcKYA&ved=2ahUKEwjxgsie_5eAAxVNM1kFHXQgAJYQ0Qx6BAgMEAE&adurl=
Lubrizol,ERROR:argument of type 'NoneType' is not iterable,https://www.lubrizol.com/Contact-Us
Malley's Chocolates,,https://malleys.com/pages/help-support
"Manor Care, Inc.",,https://www.promedicaseniorcare.org/
Marathon Petroleum Company,ERROR:argument of type 'NoneType' is not iterable,https://www.marathonpetroleum.com/About/Contact-Us/
Marc's,,https://www.marcs.com/Contact-Us
Matco Tools,,https://www.matcotools.com/customercare
Mayfran International,,https://www.mayfran.com/service/
Max & Erma's,ERROR:argument of type 'NoneType' is not iterable,https://www.maxandermas.com/contact-2/
Medical Mutual of Ohio,,https://www.medmutual.com/About-Medical-Mutual/Contact-Medical-Mutual.aspx
Mike-sell's,,https://www.facebook.com/mikesellssnacks/
Motoman,,https://www.motoman.com/en-us/service-training/technical-support
Moen,ERROR:argument of type 'NoneType' is not iterable,https://www.moen.com/customer-support/contact-us
NACCO Industries,,https://nacco.com/
National City Corporation,,https://cnb1901.com/chat
Nationwide Insurance,ERROR:argument of type 'NoneType' is not iterable,https://www.nationwide.com/personal/contact/
NCR Corporation,,https://www.ncr.com/contact-us
Nestlé USA - Prepared Foods Division,,https://www.nestleusa.com/info/contact-us-landing
NewPage Corporation,,https://www.justice.gov/opa/pr/justice-department-requires-divestitures-berso-paper-corps-acquisition-newpage-holdings-inc
Owens Corning,,https://www.owenscorning.com/en-us/contact-us
Owens-Illinois,,https://www.o-i.com/contact-us/
Park National Bank (FBOP),,https://parknationalbank.com/contact-us/
Park National Bank (Ohio),,https://parknationalbank.com/contact-us/
Parker Hannifin,ERROR:argument of type 'NoneType' is not iterable,http://parker.com/cso
Pearle Opticians,ERROR:argument of type 'NoneType' is not iterable,https://www.pearlevision.com/pv-us/about/contact-us
PolyOne Corporation,,https://www.avient.com/contact-0
Premier Health Partners,,https://www.premierhealth.com/
Procter & Gamble,,https://us.pg.com/contact-us/
Progressive Corporation,ERROR:argument of type 'NoneType' is not iterable,https://www.progressive.com/contact-us/
PSA Airlines,,https://psaairlines.com/contact
Rax Restaurants,,http://raxroastbeef.com/contact.html
The Reynolds and Reynolds Company,,https://www.reyrey.com/support
Retail Ventures,,https://www.retailecommerceventures.com/
RIDGID,,https://www.ridgid.com/us/en/service-and-support
Caliber System,,https://www.calibresys.com/about/contact.shtml
RPM International,,https://rpminc.com/contact-rpm
Scailex Corporation,ERROR:argument of type 'NoneType' is not iterable,https://il.linkedin.com/company/scailex-corporation
Scotts Miracle-Gro Company,,https://scottsmiraclegro.com/contact-us/
Sherwin-Williams Company,,https://corporate.sherwin-williams.com/contact-us.html
Skyline Chili,,https://www.skylinechili.com/feedback/
Skybus Airlines,,https://www.skybus.com.au/contact-us/
The J.M. Smucker Co.,,https://www.jmsmucker.com/contact
Speedway SuperAmerica,,https://www.speedway.com/about/contact
Steak Escape,,https://steakescape.com/contact-us/
Sunglass Hut International,ERROR:argument of type 'NoneType' is not iterable,https://www.sunglasshut.com/us/sunglasses/contact-us
Sunny Delight Beverages,,https://sunnyd.com/contact-us/
Teradata,,https://support.teradata.com/
Thor Industries,,https://www.thormotorcoach.com/company/contact-us
Timken Company,,https://www.timken.com/contact-general/
Trans States Airlines,,https://airlinecontact.info/airline/trans-states
TransDigm Group,,https://www.transdigm.com/about-us/contact-info/
TravelCenters of America,,https://www.ta-petro.com/contact/
Tween Brands,ERROR:argument of type 'NoneType' is not iterable,https://www.dnb.com/business-directory/company-profiles.tween_brands_service_co.acc8caeba3a680d5333a3b41c865b0dd.html
United States Playing Card Company,,https://bicyclecards.com/contact
Vertiv,,https://www.vertiv.com/en-us/contacts2/support/
Victoria's Secret,ERROR:argument of type 'NoneType' is not iterable,https://customercare.victoriassecret.com/s/
Wendy's,ERROR:argument of type 'NoneType' is not iterable,https://customer-care.wendys.com/contactus/s/
Western & Southern Financial Group,,https://www.westernsouthern.com/wslife/support
Westfield Insurance,,https://www.westfieldinsurance.com/agency-news/articles/new-for-you-live-chat-with-customer-care
White Castle,,https://www.whitecastle.com/contact-us
Worthington Industries,,https://www.worthingtonindustries.com/company/working-with-us/contact-us
YRC Regional Transportation,,http://www.google.com/aclk?sa=l&ai=DChcSEwj7rNGVgJiAAxWEvsgKHRUIBzUYABAAGgJxdQ&sig=AOD64_0t7huiEz8ri6hhUrx8qqhJ9UHECw&ved=2ahUKEwjh38mVgJiAAxUsD1kFHfiTCjEQ0Qx6BAgMEAE&adurl=
Beaujon Aircraft,,https://businessaircraft.bombardier.com/en/support
Groendyke Transport,,https://groendyke.com/
Hitachi Computer Products (America) Inc.,,http://www.google.com/aclk?sa=l&ai=DChcSEwjp7MeYgJiAAxXtREcBHTewBN8YABAAGgJxdQ&sig=AOD64_1PLBTCc9wariN8MT6xHfZ3tLrShA&ved=2ahUKEwiQ2r6YgJiAAxVaMlkFHd1EBuEQ0Qx6BAgMEAE&adurl=
Homeland Supermarkets,,https://www.homelandstores.com/departments/ConnectWithUs
LegalShield,ERROR:argument of type 'NoneType' is not iterable,http://www.google.com/aclk?sa=l&ai=DChcSEwi46MqegJiAAxULpsgKHdrUA14YABAAGgJxdQ&sig=AOD64_21asNGYf02j0-FSECdlCSiZqKTHg&ved=2ahUKEwj_oMKegJiAAxWCEVkFHXnfCSwQ0Qx6BAgMEAE&adurl=
Reasor's,,https://www.reasors.com/contact/contact-us
Zivko Aeronautics,,http://www.zivko.com/
Airgas,,https://www.airgas.com/customer-service
Allen Organ Company,,https://www.allenorgan.com/customer-support.html
Armstrong World Industries,,https://www.armstrongworldindustries.com/en-us/contact.html
Associated Wholesalers,,https://www.awginc.com/contact.html
Blair Corporation,,https://www.blair.com/customerService/contactUs
The Bon-Ton,,https://bonton.com/contact-us/
Boscov's,,https://help.boscovs.com/contact/contact-form-HkFaLjEAu
Bruster's Ice Cream,,https://brusters.com/contact-form/
Burpee Seeds,,https://support.burpee.com/
Cephalon,ERROR:argument of type 'NoneType' is not iterable,https://www.calphalon.com/contact
Charming Shoppes,ERROR:argument of type 'NoneType' is not iterable,https://www.linkedin.com/company/charming-shoppes
Conestoga Wood Specialties,,https://www.conestogawood.com/contacts/
Crayola LLC,,https://www.crayola.com/support
David's Bridal,,https://www.davidsbridal.com/faq
Dentsply International,,https://www.dentsplysirona.com/en-us/customer-support/contact-us.html
Dick's Sporting Goods,ERROR:argument of type 'NoneType' is not iterable,https://www.dickssportinggoods.com/s/help-desk
Eat'n Park,,https://www.eatnpark.com/contact-us
Equitable Resources,,https://equitable.com/support
Erie Insurance Group,,https://www.erieinsurance.com/contact-erie
FMC Corp.,,https://www.fmc.com/en/contact
Frankford Candy & Chocolate Company,,https://www.frankfordcandy.com/pages/contact
GE Transportation Systems,,https://www.wabteccorp.com/contact-us
General Nutrition Centers,,https://www.gnc.com/help/contact-us.html
Genesis HealthCare,ERROR:argument of type 'NoneType' is not iterable,https://www.genesishcc.com/contact/
"Giant Food of Carlisle, Pennsylvania",ERROR:argument of type 'NoneType' is not iterable,https://giantfood.com/contact-us/
Gilson Snow,,https://gilsonsnow.com/summer-snow-day
Harsco Corporation,ERROR:argument of type 'NoneType' is not iterable,http://www.google.com/aclk?sa=l&ai=DChcSEwi276bMgJiAAxXS8sgKHbjDA0oYABAAGgJxdQ&sig=AOD64_1_kxfzg3MbhCbwTMm2aqmW3UvtYg&ved=2ahUKEwi-rZ7MgJiAAxVXE1kFHbwHAMUQ0Qx6BAgMEAE&adurl=
Hatfield Quality Meats,ERROR:argument of type 'NoneType' is not iterable,https://simplyhatfield.com/contact-us/
H. J. Heinz Company,,https://ir.kraftheinzcompany.com/contact-us
Hershey Foods Corporation,,https://www.thehersheycompany.com/en_us/home/contact-us.html
Ikon Office Solutions,,https://gethuman.com/chat/IKON-Office-Solutions
JLG Industries,ERROR:argument of type 'NoneType' is not iterable,http://www.google.com/aclk?sa=l&ai=DChcSEwjZ4ojPgJiAAxUMusgKHXrxCL8YABAAGgJxdQ&sig=AOD64_2c-8i5MWYURHqVmdFdpzsNjyLTUg&ved=2ahUKEwjs_P_OgJiAAxVJEFkFHehrAxwQ0Qx6BAgMEAE&adurl=
Jones Apparel Group,ERROR:argument of type 'NoneType' is not iterable,https://www.ceoemail.com/s.php?id=c-12741
Just Born,,https://www.justborn.com/privacy-policy/
Kenexa Corporation,ERROR:argument of type 'NoneType' is not iterable,https://www.sec.gov/Archives/edgar/data/1114714/000119312508043835/d10k.htm
Kennametal,,https://chat.kennametal.com/kmtchat/index_NA.html
Knoll,,https://www.knoll.com/help
Lincoln National Corporation,,https://www.lincolnfinancial.com/public/individuals/support/customerservice
Loud Brothers,,https://www.loudbrothers.com/services/
MAACO,ERROR:argument of type 'NoneType' is not iterable,https://www.maaco.com/about/customer-service/
Mack Trucks,,https://www.macktrucks.com/about-mack/contact-us/
Majestic Athletic,,https://www.majesticathletic.com/how-can-i-contact-customer-service/ch-2681
Meadows Frozen Custard,,https://meadowsfrozencustard.com/contact/
Mellon Financial,,https://www.bnymellon.com/us/en/contact-us/support.html
Natrona Bottling Company,,https://www.natronabottling.com/contact-us
NCO Group,ERROR:argument of type 'NoneType' is not iterable,https://www.linkedin.com/company/nco-group
New Era Tickets,,https://www.neweracap.com/pages/contact
New Penn,,https://newpenn.com/about/contact-us/
Penn National Gaming,,https://www.pennentertainment.com/corp/our-company/contact-us
Pep Boys Manny Moe & Jack,,https://www.pepboys.com/
PNC Financial Services,,https://www.pnc.com/en/customer-service.html
PPG Industries,,https://nachat.ppg.com/
PPL,,https://www.pplelectric.com/my-account/contact-us.aspx
QVC,,https://www.qvc.com/content/information/customer-service.html
"Respironics, Inc.",,https://chat.respironics.com/
Rite Aid Corporation,,https://www.riteaid.com/customer-support/contact-us
"Rodale, Inc.",,https://www.800supportdesk.com/rodaleinc-customer-service/
Rohm and Haas,,https://www.haascnc.com/about/contact.html
Select Medical Corporation,,https://www.selectmedical.com/
Sovereign Bank,,https://www.santanderbank.com/personal/contact-us
Spring Garden National Bank,,https://www.dreamfirst.bank/
STV Group,,https://www.stv.tv/info/contact
SunGard,,https://www.sungardas.com/en-us/contact/support/
Sunoco,,https://www.sunoco.com/contact-us
"Teleflex, Inc.",,https://www.teleflex.com/usa/en/services/customer-services/index.html
TransDigm Group,,https://www.transdigm.com/about-us/contact-info/
Triumph Group,,https://www.triumphgroup.com/contact-us
Toll Brothers,,https://www.tollbrothers.com/contact
UGI Corporation,,https://www.ugi.com/contact-us/
Unisys,,https://www.unisys.com/contact-us/
USX,,https://www.cs.usc.edu/chat/
Universal Health Services,,https://uhs.com/contact-us/
Urban Outfitters,ERROR:argument of type 'NoneType' is not iterable,https://www.urbanoutfitters.com/help/contact-us
USA 3000 Airlines,,https://www.usa3000.com/
U.S. Steel,,https://naturechat.org/u-s-steel-eagle-cam/
USF Glen Moore,ERROR:argument of type 'NoneType' is not iterable,https://www.dnb.com/business-directory/company-profiles.usf_glen_moore_inc.effc4d7a6736300875d01b80646b8773.html
The Vanguard Group,,https://corporate.vanguard.com/content/corporatesite/us/en/corp/contact-us.html
ViroPharma,,https://www.takeda.com/en-us/who-we-are/contact-us/
Vishay Intertechnology,,https://www.vishay.com/en/company/contacts/tab/tech/
VWR International,,https://us.vwr.com/cms/help_contacting_vwr
Weis Markets,ERROR:argument of type 'NoneType' is not iterable,https://www.weismarkets.com/customer-service
WESCO International,,https://www.wesco.com/us/en/contact.html
Wilbur Chocolate Company,,https://www.wilburbuds.com/Contact-Us_2
Woolrich,,https://www.woolrich.com/us/en/contact-us/contact-us.html
Zippo,,https://www.zippo.com/pages/support
AgFirst,,https://www.agfirst.com/contact
Denny's,,https://www.dennys.com/contact-us
Hitachi Electronic Devices (USA) Inc.,ERROR:argument of type 'NoneType' is not iterable,https://www.hitachi.us/contact_support
Michelin North America,,https://www.michelinman.com/auto/assistance/contact
Park Seed Company,Yes,https://parkseed.com/contact-us/a/contact-us/
Prym,,https://www.prym-fashion.com/en/company/solutions-service/customer-service/
Sonoco Products,,https://www.sonoco.com/contact/customer-support
Struthers-Dunn,,https://www.struthers-dunn.com/
Black Hills Ammunition,,http://www.black-hills.com/
Black Hills Corporation,ERROR:argument of type 'NoneType' is not iterable,https://www.blackhillsenergy.com/customer-service
"Dakota, Minnesota and Eastern Railroad",,"https://en.wikipedia.org/wiki/Dakota,_Minnesota_and_Eastern_Railroad"
Daktronics,ERROR,http://daktronics.com
Home Federal Bank,ERROR,https://www.hfb.bank/
Rainbow Play Systems,ERROR,https://www.rainbowplay.com/
AC Entertainment,ERROR,http://www.acentertainment.com/
Access America Transport,ERROR,http://ups.com
American Residential Services,ERROR,http://www.ars.com
AutoZone,ERROR,http://autozone.com
Averitt Express,ERROR,https://www.averitt.com/
Boss Hoss Cycles,ERROR,http://www.bosshoss.com
Bush Brothers and Company,ERROR,http://www.bushbeans.com
Chattem,ERROR,http://www.chattem.com
Community Health Systems,ERROR,http://www.chs.net/
Covenant Transport,ERROR,http://www.ctgcompanies.com/
Cracker Barrel,ERROR,http://www.crackerbarrel.com
CraftWorks Restaurants & Breweries,ERROR,https://www.spbhospitality.com/
CTSI-Global,ERROR,https://ctsi-global.com
Dollar General,ERROR,http://www.dollargeneral.com
Double Cola,ERROR,http://www.double-cola.com
Eastman Chemical Company,ERROR,https://www.eastman.com/
EdFinancial Services,ERROR,https://edfinancial.com/welcome
Elvis Presley Enterprises,ERROR,https://en.wikipedia.org/wiki/Elvis_Presley_Enterprises
FedEx,ERROR,https://www.fedex.com/
First Horizon National Corporation,ERROR,http://firsthorizon.com/
First Tennessee,ERROR,http://firsthorizon.com/
Fred's,ERROR,https://web.archive.org/web/20190222112049/http://fredsinc.com/
IdleAir,ERROR,http://www.idleair.com/
International Paper,ERROR,http://internationalpaper.com
Jack Daniel's Distillery,ERROR,https://npgallery.nps.gov/AssetDetail/NRIS/72001248
Jiffy Steamer,ERROR,https://jiffysteamer.com/
King Pharmaceuticals,ERROR,http://www.kingpharm.com/
Lenny's Sub Shop,ERROR,http://lennys.com
Lodge,ERROR,https://www.lodgecastiron.com/
Malco Theatres,ERROR,http://www.malco.com
Malibu Boats,ERROR,http://www.malibuboats.com
MasterCraft,ERROR,http://mastercraft.com
McKee Foods,ERROR,http://www.mckeefoods.com
Memphis Furniture,ERROR,https://www.mymemphisfurniture.com/
"Memphis Light, Gas and Water",ERROR,https://www.mlgw.com/
The Metadata Company,ERROR,https://metadata.io/
National Narrowcasting Network,ERROR,https://en.wikipedia.org/wiki/National_Narrowcasting_Network
Nissan North America Inc.,ERROR,http://www.infinitiusa.com
Olan Mills,ERROR,https://www.churchdirectories.lifetouch.com/olan-mills-joins-lifetouch
Old Time Pottery,ERROR,http://www.oldtimepottery.com
Pal's,ERROR,https://palsweb.com/
Perkins Restaurant and Bakery,ERROR,http://www.perkinsrestaurants.com/
Petro's Chili & Chips,ERROR,https://www.petros.com/
Pilot Flying J,ERROR,http://pilotflyingj.com
PooPrints,ERROR,http://www.pooprints.com/
Regal Entertainment Group,ERROR,http://REGmovies.com/
Ruby Tuesday,ERROR,https://www.rubytuesday.com/
ServiceMaster,ERROR,https://www.servicemaster.com/about/
Servpro,ERROR,http://servpro.com
Singer Corporation,ERROR,https://www.singer.com/
"STR, Inc",ERROR,https://str.com/
Tennessee Valley Authority,ERROR,http://www.tva.com
Thermocopy,ERROR,http://www.thermocopy.com
Tractor Supply Company,ERROR,http://tractorsupply.com
Unum,ERROR,http://unum.com
Varsity Brands,ERROR,http://www.varsitybrands.com/
Weigel's,ERROR,https://www.weigels.com
AirNow,ERROR,https://www.airnow.gov/
Ben & Jerry's,ERROR,https://www.benjerry.com
Bruegger's,ERROR,http://michelsbakerycafe.com
Burton Snowboards,ERROR,http://www.burton.com
Crane & Co.,ERROR,http://www.cranecurrency.com
National Life Group,ERROR,http://nationallife.com/
Orvis,ERROR,http://orvis.com
Tuttle Publishing,ERROR,http://tuttlepublishing.com/
Albemarle Corporation,ERROR,http://albemarle.com
American Woodmark,ERROR,http://americanwoodmark.com
AMERIGROUP Corporation,ERROR,http://www.amerigroup.com/
AOL,ERROR,https://help.aol.com/articles/aol-desktop-downloading-and-installing
The Brink's Company,ERROR,http://brinks.com
Bowlero Corporation,ERROR,http://BowleroCorp.com
CACI,ERROR,http://caci.com
Capital One,ERROR,https://www.capitalone.com/
CarMax,ERROR,http://carmax.com
Circuit City,ERROR,http://www.circuitcity.com/
Colgan Air,ERROR,http://www.colganair.com
Compass Airlines,ERROR,https://en.wikipedia.org/wiki/Compass_Airlines_(North_America)
Dollar Tree,ERROR,https://www.dollartreecanada.com/
Dominion Resources,ERROR,http://dominionenergy.com
DynCorp International,ERROR,http://www.dyn-intl.com
Estes Express Lines,ERROR,http://estes-express.com
Farm Fresh Food & Pharmacy,ERROR,https://web.archive.org/web/*/http://www.farmfreshsupermarkets.com/
Federal Home Loan Mortgage Corporation,ERROR,https://www.freddiemac.com
Ferguson Enterprises,ERROR,http://www.ferguson.com/
Five Guys,ERROR,http://fiveguys.com
GE Fanuc Automation,ERROR,http://www.emerson.com/industrial-automation-controls/
Gannett,ERROR,http://gannett.com
General Dynamics,ERROR,http://gd.com
Genworth Financial,ERROR,http://www.genworth.com
IPIX,ERROR,https://ipix.com/
Interstate Van Lines,ERROR,http://moveinterstate.com
KVAT Food City,ERROR,http://foodcity.com/
L-3 Flight International Aviation,ERROR,https://www.vtxaero.com/flight-international/
Lafarge North America,ERROR,https://www.bloomberg.com/profile/company/LAF:US
LandAmerica Financial Group,ERROR,https://web.archive.org/web/20030719132843/http://www.landam.com/
Landmark Communications,ERROR,https://landmarkcommunications.net/
Liberty Tax Service,ERROR,https://www.libertytax.com/
